Train No.,Running,Departure Time,Name
14005,Daily,00:07,Lichchavi Express
04063,Daily,00:22,Gaya - New Delhi Special
12397,Daily,00:38,Mahabodhi Express
15658,Daily,00:40,Brahmaputra Mail
12801,Daily,00:58,Purushottam Express
04051,"2,4,7",01:00,Howrah - New Delhi Special
15733,"1,4,6",01:00,Farakka Express
15743,"2,3,5,7",01:00,Farakka Express
14117,Daily,01:10,Kalindi Express
02569,Daily,01:16,New Delhi Special Fare Clone Special
14163,Daily,01:25,Sangam Express
02563,Daily,01:51,New Delhi Special Fare Clone Special
14113,Daily,02:00,Dehradun Express
04117,4,02:05,Subedarganj - Dadri Special
12565,Daily,02:05,Bihar Sampark Kranti Express
19604,2,02:05,Daurai Weekly Express
02275,"2,5,7",02:22,Dadri Special Fare SF Special
04163,4,02:22,Shakur Basti Special Fare Special
22433,"2,6",02:22,Suhaildev SF Express
12555,Daily,02:28,Gorakhdham SF Express
15565,Daily,02:40,Vaishali Express
12303,"1,2,5,6",02:50,Poorva Express
12381,"3,4,7",02:50,Poorva Express
12427,Daily,03:01,Anand Vihar Terminal SF Express
04423,5,03:05,Prayagraj - New Delhi Special
12451,Daily,03:09,Shram Shakti Express
12417,Daily,03:18,Prayagraj Express
12225,Daily,03:28,Kaifiyaat SF Express
22437,"1,3,6",03:38,Prayagraj - Anand Vihar Humsafar Express
12275,"2,4,5,7",03:41,Prayagraj - New Delhi Humsafar Express
12273,"1,5",03:56,Howrah - New Delhi Duronto Express
12281,3,03:56,Bhubaneswar - New Delhi Duronto Express
22459,2,03:56,Madhupur - Anand Vihar Humsafar Express
22465,4,03:56,Baba Baidyanath Dham Deoghar SF Express
02397,7,04:00,Gaya - Anand Vihar Special
02417,Daily,04:10,Shakur Basti Special Fare Special
12367,Daily,04:30,Vikramshila Express
51903,Daily,05:00,Tundla - Etah Passenger
05219,5,05:05,Muzaffarpur - Anand Vihar Special
12309,Daily,05:08,Rajendra Nagar - New Delhi Tejas Rajdhani Express
04089,6,05:10,Danapur - New Delhi Special
12393,Daily,05:21,Sampoorna Kranti Express
22857,1,05:45,Anand Vihar Terminal Weekly SF Express
12559,Daily,05:49,Shiv Ganga Express
12571,"3,5,6,7",05:53,Gorakhpur - Anand Vihar Humsafar Express
12595,"1,2,4",05:53,Gorakhpur - Anand Vihar Humsafar Express
12443,4,05:57,Anand Vihar Terminal SF Express
22409,7,05:59,Gaya - Anand Vihar Garib Rath Express
13697,"4,7",06:00,Gaya - Delhi Amrit Bharat Express
12435,"1,5",06:01,Jaynagar - Anand Vihar Garib Rath Express
14049,3,06:02,Delhi Weekly Express
22405,"2,4,6",06:02,Bhagalpur - Anand Vihar Garib Rath Express
12329,2,06:12,West Bengal Sampark Kranti Express
12379,5,06:14,Amritsar Jallianwala Bagh Express
64583,Daily,06:15,Tundla - Delhi MEMU
12581,"1,4,5,6,7",06:25,New Delhi SF Express
22581,"2,3",06:25,New Delhi Superfast Express
15671,5,06:57,Kamakhya - Rohtak Amrit Bharat Express
04087,Daily,07:02,Patna - New Delhi Special
20817,6,07:26,Bhubaneswar - New Delhi Tejas Rajdhani Express
22811,"3,7",07:26,Bhubaneswar - New Delhi Tejas Rajdhani Express
22823,"1,2,4,5",07:26,Bhubaneswar - New Delhi Tejas Rajdhani Express
12301,"1,2,3,4,5,6",07:36,Howrah - New Delhi Rajdhani Express
12305,7,07:36,Howrah - New Delhi Rajdhani Express
20801,Daily,07:45,Magadh Express
12423,Daily,07:54,Dibrugarh - New Delhi Rajdhani Express
12313,Daily,08:13,Sealdah - New Delhi Rajdhani Express
12033,"1,2,3,4,5,6",08:17,Kanpur Central - New Delhi Shatabdi Express
12235,5,08:23,Madhupur - Anand Vihar Humsafar Express
12259,"1,3,4,7",08:23,Sealdah - Bikaner AC Duronto Express
20501,1,08:23,Agartala - Anand Vihar Tejas Rajdhani Express
20507,5,08:23,Sairang - Anand Vihar Rajdhani Express
15705,"1,4",08:32,Katihar - Delhi Humsafar Express
12453,7,08:33,Ranchi - New Delhi Rajdhani Express
12877,"1,2,5",08:34,Ranchi - New Delhi Garib Rath Express
20407,4,08:34,Ranchi - New Delhi Rajdhani Express
20839,"3,6",08:34,Ranchi - New Delhi Rajdhani Express
22361,Daily,08:51,Rajendra Nagar - New Delhi Amrit Bharat Express
22427,7,09:02,Bhrigu Superfast Express
22539,"2,5",09:03,Anand Vihar Terminal SF Express
22411,"2,6",09:03,Arunachal AC SF Express
12873,"1,2,4",09:16,Swarna Jayanti Express
18427,6,09:22,Anand Vihar Terminal Weekly Express
03435,1,09:32,Malda Town - Anand Vihar Special
15557,"1,4",09:34,Darbhanga - Anand Vihar Amrit Bharat Express
82501,"1,3,4,5,6,7",09:42,New Delhi IRCTC Tejas Express
12349,1,09:50,Godda - New Delhi Humsafar Express
14037,1,09:50,New Delhi Poorvottar Sampark Kranti Express
22449,"3,6",09:51,New Delhi Poorvottar Sampark Kranti Express
14619,4,09:51,Tripura Sundari Express
64165,Daily,10:00,Tundla - Aligarh MEMU
12817,"3,5,7",10:11,Swarna Jayanti Express
04071,Daily,10:22,New Delhi Special Fare Special
64703,"1,2,3,4,5,6",10:35,Govindpuri - Aligarh MEMU
12527,7,10:55,Anand Vihar Terminal CPR ANVT SF EXP
12419,Daily,11:06,Gomti Express
04097,"1,2,4,5,6,7",11:51,Darbhanga - Shakurbasti Special
02877,6,11:52,Anand Vihar Terminal Special Fare Special
22415,"1,3,4,5,6,7",11:55,Varanasi - New Delhi Vande Bharat Express
00441,"1,7",11:55,Chitpur - Patelnagar Special
04061,Daily,12:02,Bhagalpur - Anand Vihar Special
12815,"1,3,4,6",12:02,Nandan Kanan Express
03639,"1,5",12:15,Shakur Basti Special Fare Special
12561,Daily,12:15,Swatantrata Senani Express
12323,"2,5",12:26,Barmer SF Express
13251,"4,7",13:31,Anand Vihar Terminal Express
14151,7,15:10,Anand Vihar Terminal Express
04075,1,15:10,Kamakhya - Delhi Special
64168,Daily,15:30,Agra City - Ghaziabad Local
20433,Daily,16:00,Jammu Mail
15483,Daily,16:32,Sikkim Mahananda Express
12819,"3,7",16:45,Odisha Sampark Kranti Express
12825,"1,4",16:45,Jharkhand Sampark Kranti Express
22805,6,16:45,Anand Vihar Terminal Weekly SF Express
18101,"3,5,7",16:50,Jammu Tawi Express
18309,"1,2,4,6",16:50,Jammu Tawi Express
13051,Daily,17:10,Netaji Express
14047,7,17:22,Sitamarhi - Delhi Amrit Bharat Express
02455,"1,3,5,6",17:23,New Delhi Special Fare SF Special
02457,"2,4,7",17:23,Anand Vihar Terminal Special Fare SF Special
12487,Daily,17:32,Seemanchal Express
04095,Daily,17:37,Patliputra - Anand Vihar Special
15133,"1,4",17:48,Chhapra - Anand Vihar Amrit Bharat Express
12505,Daily,18:02,North East Express
12875,"2,5,7",18:12,Neelachal Express
02415,"5,6,7",18:57,Subedarganj - New Delhi Special
04069,"3,6",19:12,Rajgir - Anand Vihar Special
12003,Daily,19:28,Lucknow - New Delhi Swarn Shatabdi Express
22425,"1,2,4,5,6,7",20:49,Ayodhya Cantt - Anand Vihar Vande Bharat Express
03257,7,20:52,Danapur - Anand Vihar Special
22435,"1,2,3,5,6,7",20:53,Varanasi - New Delhi Vande Bharat Express
22431,"2,6",21:15,MCTM Udhampur SF Express
15707,Daily,23:12,Amrapali Express
15025,"2,7",23:32,Anand Vihar Terminal Express
14055,4,23:54,Anand Vihar Terminal Express
14217,Daily,23:57,Unchahar Express
